date,area,category
2026-04-01,下連雀2丁目,燃やせないごみ
2026-04-02,下連雀2丁目,燃やせるごみ
2026-04-03,下連雀2丁目,古紙・古着
2026-04-03,下連雀2丁目,空きびん・缶
2026-04-06,下連雀2丁目,燃やせるごみ
2026-04-07,下連雀2丁目,プラスチック・有害ごみ
2026-04-09,下連雀2丁目,燃やせるごみ
2026-04-10,下連雀2丁目,古紙・古着
2026-04-10,下連雀2丁目,ペットボトル
2026-04-13,下連雀2丁目,燃やせるごみ
2026-04-14,下連雀2丁目,プラスチック・有害ごみ
2026-04-15,下連雀2丁目,燃やせないごみ
2026-04-16,下連雀2丁目,燃やせるごみ
2026-04-17,下連雀2丁目,古紙・古着
2026-04-17,下連雀2丁目,空きびん・缶
2026-04-20,下連雀2丁目,燃やせるごみ
2026-04-21,下連雀2丁目,プラスチック・有害ごみ
2026-04-23,下連雀2丁目,燃やせるごみ
2026-04-24,下連雀2丁目,古紙・古着
2026-04-24,下連雀2丁目,ペットボトル
2026-04-27,下連雀2丁目,燃やせるごみ
2026-04-28,下連雀2丁目,プラスチック・有害ごみ
2026-04-30,下連雀2丁目,燃やせるごみ
2026-05-01,下連雀2丁目,古紙・古着
2026-05-01,下連雀2丁目,空きびん・缶
2026-05-04,下連雀2丁目,燃やせるごみ
2026-05-05,下連雀2丁目,プラスチック・有害ごみ
2026-05-06,下連雀2丁目,燃やせないごみ
2026-05-07,下連雀2丁目,燃やせるごみ
2026-05-08,下連雀2丁目,古紙・古着
2026-05-08,下連雀2丁目,ペットボトル
2026-05-11,下連雀2丁目,燃やせるごみ
2026-05-12,下連雀2丁目,プラスチック・有害ごみ
2026-05-14,下連雀2丁目,燃やせるごみ
2026-05-15,下連雀2丁目,古紙・古着
2026-05-15,下連雀2丁目,空きびん・缶
2026-05-18,下連雀2丁目,燃やせるごみ
2026-05-19,下連雀2丁目,プラスチック・有害ごみ
2026-05-20,下連雀2丁目,燃やせないごみ
2026-05-21,下連雀2丁目,燃やせるごみ
2026-05-22,下連雀2丁目,古紙・古着
2026-05-22,下連雀2丁目,ペットボトル
2026-05-25,下連雀2丁目,燃やせるごみ
2026-05-26,下連雀2丁目,プラスチック・有害ごみ
2026-05-28,下連雀2丁目,燃やせるごみ
2026-05-29,下連雀2丁目,古紙・古着
2026-06-01,下連雀2丁目,燃やせるごみ
2026-06-02,下連雀2丁目,プラスチック・有害ごみ
2026-06-03,下連雀2丁目,燃やせないごみ
2026-06-04,下連雀2丁目,燃やせるごみ
2026-06-05,下連雀2丁目,古紙・古着
2026-06-05,下連雀2丁目,空きびん・缶
2026-06-08,下連雀2丁目,燃やせるごみ
2026-06-09,下連雀2丁目,プラスチック・有害ごみ
2026-06-11,下連雀2丁目,燃やせるごみ
2026-06-12,下連雀2丁目,古紙・古着
2026-06-12,下連雀2丁目,ペットボトル
2026-06-15,下連雀2丁目,燃やせるごみ
2026-06-16,下連雀2丁目,プラスチック・有害ごみ
2026-06-17,下連雀2丁目,燃やせないごみ
2026-06-18,下連雀2丁目,燃やせるごみ
2026-06-19,下連雀2丁目,古紙・古着
2026-06-19,下連雀2丁目,空きびん・缶
2026-06-22,下連雀2丁目,燃やせるごみ
2026-06-23,下連雀2丁目,プラスチック・有害ごみ
2026-06-25,下連雀2丁目,燃やせるごみ
2026-06-26,下連雀2丁目,古紙・古着
2026-06-26,下連雀2丁目,ペットボトル
2026-06-29,下連雀2丁目,燃やせるごみ
2026-06-30,下連雀2丁目,プラスチック・有害ごみ
2026-07-01,下連雀2丁目,燃やせないごみ
2026-07-02,下連雀2丁目,燃やせるごみ
2026-07-03,下連雀2丁目,古紙・古着
2026-07-03,下連雀2丁目,空きびん・缶
2026-07-06,下連雀2丁目,燃やせるごみ
2026-07-07,下連雀2丁目,プラスチック・有害ごみ
2026-07-09,下連雀2丁目,燃やせるごみ
2026-07-10,下連雀2丁目,古紙・古着
2026-07-10,下連雀2丁目,ペットボトル
2026-07-13,下連雀2丁目,燃やせるごみ
2026-07-14,下連雀2丁目,プラスチック・有害ごみ
2026-07-15,下連雀2丁目,燃やせないごみ
2026-07-16,下連雀2丁目,燃やせるごみ
2026-07-17,下連雀2丁目,古紙・古着
2026-07-17,下連雀2丁目,空きびん・缶
2026-07-20,下連雀2丁目,燃やせるごみ
2026-07-21,下連雀2丁目,プラスチック・有害ごみ
2026-07-23,下連雀2丁目,燃やせるごみ
2026-07-24,下連雀2丁目,古紙・古着
2026-07-24,下連雀2丁目,ペットボトル
2026-07-27,下連雀2丁目,燃やせるごみ
2026-07-28,下連雀2丁目,プラスチック・有害ごみ
2026-07-30,下連雀2丁目,燃やせるごみ
2026-07-31,下連雀2丁目,古紙・古着
2026-08-02,下連雀2丁目,燃やせるごみ
2026-08-03,下連雀2丁目,燃やせるごみ
2026-08-04,下連雀2丁目,プラスチック・有害ごみ
2026-08-05,下連雀2丁目,燃やせないごみ
2026-08-06,下連雀2丁目,燃やせるごみ
2026-08-07,下連雀2丁目,古紙・古着
2026-08-07,下連雀2丁目,空きびん・缶
2026-08-10,下連雀2丁目,燃やせるごみ
2026-08-11,下連雀2丁目,プラスチック・有害ごみ
2026-08-13,下連雀2丁目,燃やせるごみ
2026-08-14,下連雀2丁目,古紙・古着
2026-08-14,下連雀2丁目,ペットボトル
2026-08-17,下連雀2丁目,燃やせるごみ
2026-08-18,下連雀2丁目,プラスチック・有害ごみ
2026-08-19,下連雀2丁目,燃やせないごみ
2026-08-20,下連雀2丁目,燃やせるごみ
2026-08-21,下連雀2丁目,古紙・古着
2026-08-21,下連雀2丁目,空きびん・缶
2026-08-24,下連雀2丁目,燃やせるごみ
2026-08-25,下連雀2丁目,プラスチック・有害ごみ
2026-08-27,下連雀2丁目,燃やせるごみ
2026-08-28,下連雀2丁目,古紙・古着
2026-08-28,下連雀2丁目,ペットボトル
2026-08-31,下連雀2丁目,燃やせるごみ
2026-09-01,下連雀2丁目,プラスチック・有害ごみ
2026-09-02,下連雀2丁目,燃やせないごみ
2026-09-03,下連雀2丁目,燃やせるごみ
2026-09-04,下連雀2丁目,古紙・古着
2026-09-04,下連雀2丁目,空きびん・缶
2026-09-07,下連雀2丁目,燃やせるごみ
2026-09-08,下連雀2丁目,プラスチック・有害ごみ
2026-09-10,下連雀2丁目,燃やせるごみ
2026-09-11,下連雀2丁目,古紙・古着
2026-09-11,下連雀2丁目,ペットボトル
2026-09-14,下連雀2丁目,燃やせるごみ
2026-09-15,下連雀2丁目,プラスチック・有害ごみ
2026-09-16,下連雀2丁目,燃やせないごみ
2026-09-17,下連雀2丁目,燃やせるごみ
2026-09-18,下連雀2丁目,古紙・古着
2026-09-18,下連雀2丁目,空きびん・缶
2026-09-21,下連雀2丁目,燃やせるごみ
2026-09-22,下連雀2丁目,プラスチック・有害ごみ
2026-09-24,下連雀2丁目,燃やせるごみ
2026-09-25,下連雀2丁目,古紙・古着
2026-09-25,下連雀2丁目,ペットボトル
2026-09-28,下連雀2丁目,燃やせるごみ
2026-09-29,下連雀2丁目,プラスチック・有害ごみ
2026-10-01,下連雀2丁目,燃やせるごみ
2026-10-02,下連雀2丁目,古紙・古着
2026-10-02,下連雀2丁目,空きびん・缶
2026-10-05,下連雀2丁目,燃やせるごみ
2026-10-06,下連雀2丁目,プラスチック・有害ごみ
2026-10-07,下連雀2丁目,燃やせないごみ
2026-10-08,下連雀2丁目,燃やせるごみ
2026-10-09,下連雀2丁目,古紙・古着
2026-10-09,下連雀2丁目,ペットボトル
2026-10-12,下連雀2丁目,燃やせるごみ
2026-10-13,下連雀2丁目,プラスチック・有害ごみ
2026-10-15,下連雀2丁目,燃やせるごみ
2026-10-16,下連雀2丁目,古紙・古着
2026-10-16,下連雀2丁目,空きびん・缶
2026-10-19,下連雀2丁目,燃やせるごみ
2026-10-20,下連雀2丁目,プラスチック・有害ごみ
2026-10-21,下連雀2丁目,燃やせないごみ
2026-10-22,下連雀2丁目,燃やせるごみ
2026-10-23,下連雀2丁目,古紙・古着
2026-10-23,下連雀2丁目,ペットボトル
2026-10-26,下連雀2丁目,燃やせるごみ
2026-10-27,下連雀2丁目,プラスチック・有害ごみ
2026-10-29,下連雀2丁目,燃やせるごみ
2026-10-30,下連雀2丁目,古紙・古着
2026-11-02,下連雀2丁目,燃やせるごみ
2026-11-03,下連雀2丁目,プラスチック・有害ごみ
2026-11-04,下連雀2丁目,燃やせないごみ
2026-11-05,下連雀2丁目,燃やせるごみ
2026-11-06,下連雀2丁目,古紙・古着
2026-11-06,下連雀2丁目,空きびん・缶
2026-11-09,下連雀2丁目,燃やせるごみ
2026-11-10,下連雀2丁目,プラスチック・有害ごみ
2026-11-12,下連雀2丁目,燃やせるごみ
2026-11-13,下連雀2丁目,古紙・古着
2026-11-13,下連雀2丁目,ペットボトル
2026-11-16,下連雀2丁目,燃やせるごみ
2026-11-17,下連雀2丁目,プラスチック・有害ごみ
2026-11-18,下連雀2丁目,燃やせないごみ
2026-11-19,下連雀2丁目,燃やせるごみ
2026-11-20,下連雀2丁目,古紙・古着
2026-11-20,下連雀2丁目,空きびん・缶
2026-11-23,下連雀2丁目,燃やせるごみ
2026-11-24,下連雀2丁目,プラスチック・有害ごみ
2026-11-26,下連雀2丁目,燃やせるごみ
2026-11-27,下連雀2丁目,古紙・古着
2026-11-27,下連雀2丁目,ペットボトル
2026-11-30,下連雀2丁目,燃やせるごみ
2026-12-01,下連雀2丁目,プラスチック・有害ごみ
2026-12-02,下連雀2丁目,燃やせないごみ
2026-12-03,下連雀2丁目,燃やせるごみ
2026-12-04,下連雀2丁目,古紙・古着
2026-12-04,下連雀2丁目,空きびん・缶
2026-12-07,下連雀2丁目,燃やせるごみ
2026-12-08,下連雀2丁目,プラスチック・有害ごみ
2026-12-10,下連雀2丁目,燃やせるごみ
2026-12-11,下連雀2丁目,古紙・古着
2026-12-11,下連雀2丁目,ペットボトル
2026-12-14,下連雀2丁目,燃やせるごみ
2026-12-15,下連雀2丁目,プラスチック・有害ごみ
2026-12-16,下連雀2丁目,燃やせないごみ
2026-12-17,下連雀2丁目,燃やせるごみ
2026-12-18,下連雀2丁目,古紙・古着
2026-12-18,下連雀2丁目,空きびん・缶
2026-12-21,下連雀2丁目,燃やせるごみ
2026-12-22,下連雀2丁目,プラスチック・有害ごみ
2026-12-24,下連雀2丁目,燃やせるごみ
2026-12-25,下連雀2丁目,古紙・古着
2026-12-25,下連雀2丁目,ペットボトル
2026-12-28,下連雀2丁目,燃やせるごみ
2027-01-04,下連雀2丁目,燃やせるごみ
2027-01-05,下連雀2丁目,プラスチック・有害ごみ
2027-01-06,下連雀2丁目,燃やせないごみ
2027-01-07,下連雀2丁目,燃やせるごみ
2027-01-08,下連雀2丁目,古紙・古着
2027-01-08,下連雀2丁目,空きびん・缶
2027-01-11,下連雀2丁目,燃やせるごみ
2027-01-12,下連雀2丁目,プラスチック・有害ごみ
2027-01-14,下連雀2丁目,燃やせるごみ
2027-01-15,下連雀2丁目,古紙・古着
2027-01-15,下連雀2丁目,ペットボトル
2027-01-18,下連雀2丁目,燃やせるごみ
2027-01-19,下連雀2丁目,プラスチック・有害ごみ
2027-01-20,下連雀2丁目,燃やせないごみ
2027-01-21,下連雀2丁目,燃やせるごみ
2027-01-22,下連雀2丁目,古紙・古着
2027-01-22,下連雀2丁目,空きびん・缶
2027-01-25,下連雀2丁目,燃やせるごみ
2027-01-26,下連雀2丁目,プラスチック・有害ごみ
2027-01-28,下連雀2丁目,燃やせるごみ
2027-01-29,下連雀2丁目,古紙・古着
2027-01-29,下連雀2丁目,ペットボトル
2027-02-01,下連雀2丁目,燃やせるごみ
2027-02-02,下連雀2丁目,プラスチック・有害ごみ
2027-02-03,下連雀2丁目,燃やせないごみ
2027-02-04,下連雀2丁目,燃やせるごみ
2027-02-05,下連雀2丁目,古紙・古着
2027-02-05,下連雀2丁目,空きびん・缶
2027-02-08,下連雀2丁目,燃やせるごみ
2027-02-09,下連雀2丁目,プラスチック・有害ごみ
2027-02-11,下連雀2丁目,燃やせるごみ
2027-02-12,下連雀2丁目,古紙・古着
2027-02-12,下連雀2丁目,ペットボトル
2027-02-15,下連雀2丁目,燃やせるごみ
2027-02-16,下連雀2丁目,プラスチック・有害ごみ
2027-02-17,下連雀2丁目,燃やせないごみ
2027-02-18,下連雀2丁目,燃やせるごみ
2027-02-19,下連雀2丁目,古紙・古着
2027-02-19,下連雀2丁目,空きびん・缶
2027-02-22,下連雀2丁目,燃やせるごみ
2027-02-23,下連雀2丁目,プラスチック・有害ごみ
2027-02-25,下連雀2丁目,燃やせるごみ
2027-02-26,下連雀2丁目,古紙・古着
2027-02-26,下連雀2丁目,ペットボトル
2027-03-01,下連雀2丁目,燃やせるごみ
2027-03-02,下連雀2丁目,プラスチック・有害ごみ
2027-03-03,下連雀2丁目,燃やせないごみ
2027-03-04,下連雀2丁目,燃やせるごみ
2027-03-05,下連雀2丁目,古紙・古着
2027-03-05,下連雀2丁目,空きびん・缶
2027-03-08,下連雀2丁目,燃やせるごみ
2027-03-09,下連雀2丁目,プラスチック・有害ごみ
2027-03-11,下連雀2丁目,燃やせるごみ
2027-03-12,下連雀2丁目,古紙・古着
2027-03-12,下連雀2丁目,ペットボトル
2027-03-15,下連雀2丁目,燃やせるごみ
2027-03-16,下連雀2丁目,プラスチック・有害ごみ
2027-03-17,下連雀2丁目,燃やせないごみ
2027-03-18,下連雀2丁目,燃やせるごみ
2027-03-19,下連雀2丁目,古紙・古着
2027-03-19,下連雀2丁目,空きびん・缶
2027-03-22,下連雀2丁目,燃やせるごみ
2027-03-23,下連雀2丁目,プラスチック・有害ごみ
2027-03-25,下連雀2丁目,燃やせるごみ
2027-03-26,下連雀2丁目,古紙・古着
2027-03-26,下連雀2丁目,ペットボトル
2027-03-29,下連雀2丁目,燃やせるごみ
2027-03-30,下連雀2丁目,プラスチック・有害ごみ